{
    "identifier": "krst.super-colors",
    "name": "Super Colors (latest)",
    "content_type": "SN|Theme",
    "area": "themes",
    "main": "dist/dist.css",
    "version": "0.3.1",
    "description": "Theme agnostic toggle to colorize different elements of the Super Editor",
    "url": "https://marcaux.gitlab.io/sn-super-colors/dist/dist.css",
    "download_url": "https://marcaux.gitlab.io/sn-super-colors/sn-super-colors.zip",
    "latest_url": "https://marcaux.gitlab.io/sn-super-colors/ext.json",
    "marketing_url": "https://gitlab.com/marcaux/sn-super-colors",
    "layerable": true
}